"","ID","book","ban","banpre","banpost"
"1",1,"Ace of Spades",81.2307692307692,74.3076923076923,72
"2",2,"Clap When You Land",26.7692307692308,33.2307692307692,29.3076923076923
"3",3,"The Poet X",61.4615384615385,49.3846153846154,62.8461538461538
"4",4,"The Poet X",62.8461538461538,61.4615384615385,53.9230769230769
"5",5,"The Poet X",62.8461538461538,61.4615384615385,53.9230769230769
"6",6,"The Poet X",61.4615384615385,49.3846153846154,62.8461538461538
"7",7,"Call Me By Your Name (Call Me By Your Name Series)",58.4615384615385,55.3846153846154,50.4615384615385
"8",10,"Half of a Yellow Sun",68.5384615384615,60.3846153846154,49.9230769230769
"9",12,"How It All Blew Up",42.2307692307692,28.6923076923077,50.9230769230769
"10",13,"Mae Among the Stars",18.5384615384615,36.8461538461538,29.6923076923077
"11",21,"What If It's Us (What If It's Us Series)",49.4615384615385,46.7692307692308,34.3846153846154
"12",22,"What If It's Us (What If It's Us Series)",46.7692307692308,23.3846153846154,49.4615384615385
"13",23,"The Undefeated",49.8461538461538,48.3846153846154,62.7692307692308
"14",24,"The New Jim Crow: Mass Incarceration in the Age of Colorblindness",1.92307692307692,1.76923076923077,15.4615384615385
"15",25,"The New Jim Crow: Mass Incarceration in the Age of Colorblindness",15.4615384615385,1.92307692307692,10
"16",26,"The Absolutely True Diary of a Part-Time Indian",65.1538461538462,42.9230769230769,76.0769230769231
"17",27,"The Absolutely True Diary of a Part-Time Indian",76.0769230769231,65.1538461538462,64.0769230769231
"18",28,"The Absolutely True Diary of a Part-Time Indian",76.0769230769231,65.1538461538462,64.0769230769231
"19",29,"The Absolutely True Diary of a Part-Time Indian",65.1538461538462,42.9230769230769,76.0769230769231
"20",30,"The Absolutely True Diary of a Part-Time Indian",65.1538461538462,42.9230769230769,76.0769230769231
"21",31,"The Absolutely True Diary of a Part-Time Indian",76.0769230769231,65.1538461538462,64.0769230769231
"22",34,"The House of the Spirits",68.1538461538462,62.1538461538462,74.5384615384615
"23",40,"Bless Me, Ultima",34.5384615384615,24.7692307692308,31.6153846153846
"24",42,"Shout",88.1538461538462,85.9230769230769,80.3076923076923
"25",43,"Shout",85.9230769230769,90.2307692307692,88.1538461538462
"26",44,"Shout",85.9230769230769,90.2307692307692,88.1538461538462
"27",45,"Speak",85.8461538461538,86.1538461538462,91.3076923076923
"28",46,"Speak",85.8461538461538,86.1538461538462,91.3076923076923
"29",47,"Speak",85.8461538461538,86.1538461538462,91.3076923076923
"30",48,"Feed",82.2307692307692,90.6153846153846,84.6923076923077
"31",50,"Me and Earl and the Dying Girl",57.9230769230769,61,66.5384615384615
"32",51,"Me and Earl and the Dying Girl",64,55.5384615384615,65.1538461538462
"33",52,"Me and Earl and the Dying Girl",57.9230769230769,61,66.5384615384615
"34",53,"Me and Earl and the Dying Girl",57.9230769230769,61,66.5384615384615
"35",54,"Me and Earl and the Dying Girl",64,55.5384615384615,65.1538461538462
"36",55,"Me and Earl and the Dying Girl",64,55.5384615384615,65.1538461538462
"37",56,"Me and Earl and the Dying Girl",57.9230769230769,61,66.5384615384615
"38",57,"Me and Earl and the Dying Girl",57.9230769230769,61,66.5384615384615
"39",58,"Me and Earl and the Dying Girl",57.9230769230769,61,66.5384615384615
"40",59,"The Haters",82,84.0769230769231,68.5384615384615
"41",60,"The Haters",78.3846153846154,82.0769230769231,76.4615384615385
"42",62,"Trombone Shorty",55.6923076923077,32.3846153846154,42.3846153846154
"43",63,"I Know Why The Caged Bird Sings",44.4615384615385,41.2307692307692,40.4615384615385
"44",64,"I Know Why The Caged Bird Sings",44.4615384615385,41.2307692307692,40.4615384615385
"45",65,"Modern Romance: An Investigation",21.8461538461538,14.3076923076923,7.46153846153846
"46",67,"Wishtree",62.6923076923077,59.0769230769231,62.5384615384615
"47",72,"Damsel",88.6923076923077,81.3846153846154,82.0769230769231
"48",73,"Infandous",22.6923076923077,7.30769230769231,29.0769230769231
"49",74,"Infandous",6.92307692307692,14.9230769230769,21.3076923076923
"50",75,"Red Hood",39.3076923076923,52.2307692307692,34.9230769230769
"51",76,"What Girls Are Made Of",61,60.2307692307692,46.2307692307692
"52",77,"A Girl on the Shore",54.4615384615385,33.0769230769231,38.2307692307692
"53",78,"Thirteen Reasons Why",45.6923076923077,52.2307692307692,45.3076923076923
"54",79,"Thirteen Reasons Why",79.6923076923077,80.4615384615385,73.6153846153846
"55",80,"Thirteen Reasons Why",79.6923076923077,80.4615384615385,73.6153846153846
"56",82,"The Black Flamingo",54.7692307692308,58.1538461538462,54.7692307692308
"57",83,"The Black Flamingo",54.7692307692308,58.1538461538462,54.7692307692308
"58",84,"The Handmaid's Tale",38.3846153846154,65.1538461538462,37.6923076923077
"59",85,"The Handmaid's Tale",58.9230769230769,59.9230769230769,63.6923076923077
"60",86,"The Handmaid's Tale",38.3846153846154,65.1538461538462,37.6923076923077
"61",87,"The Handmaid's Tale",58.9230769230769,59.9230769230769,63.6923076923077
"62",88,"The Handmaid's Tale",38.3846153846154,65.1538461538462,37.6923076923077
"63",89,"The Handmaid's Tale",38.3846153846154,65.1538461538462,37.6923076923077
"64",93,"The Testaments",58.2307692307692,78.6153846153846,51.1538461538462
"65",94,"The Testaments",57.2307692307692,64.8461538461538,54.7692307692308
"66",95,"Raise the Stakes",53.7692307692308,51,49.3076923076923
"67",97,"Morris Micklewhite and the Tangerine Dress",7.53846153846154,25,19.3846153846154
"68",98,"Morris Micklewhite and the Tangerine Dress",19.3846153846154,7.53846153846154,19.6923076923077
"69",99,"Blindspot: Hidden Biases of Good People",13,5,2.53846153846154
"70",100,"One Man Guy",80.0769230769231,70.3076923076923,72.1538461538462
"71",103,"Crown: An Ode to the Fresh Cut",13.1538461538462,12.4615384615385,13
"72",104,"I Am Every Good Thing",41.3846153846154,47.2307692307692,53.9230769230769
"73",109,"Peter Pan",81,80.5384615384615,79.6923076923077
"74",114,"Wonders of the Invisible World",14,25.6923076923077,37.6923076923077
"75",115,"Cinderella Is Dead",48.4615384615385,48.8461538461538,67.6923076923077
"76",116,"Cinderella Is Dead",66.8461538461538,74.7692307692308,66.3846153846154
"77",119,"Fun Home: A Family Tragicomic",45.1538461538462,21.7692307692308,19.3076923076923
"78",120,"Fun Home: A Family Tragicomic",45.1538461538462,21.7692307692308,19.3076923076923
"79",121,"Fun Home: A Family Tragicomic",45.1538461538462,21.7692307692308,19.3076923076923
"80",122,"Fun Home: A Family Tragicomic",45.1538461538462,21.7692307692308,19.3076923076923
"81",123,"Fun Home: A Family Tragicomic",45.1538461538462,21.7692307692308,19.3076923076923
"82",126,"Lucky Broken Girl",27.4615384615385,13.8461538461538,37.6923076923077
"83",129,"Alan Cole Is Not a Coward",15,22.1538461538462,22.6923076923077
"84",130,"Death Wind",49.3846153846154,45.7692307692308,46.3076923076923
"85",131,"Death Wind",73.1538461538462,69.6923076923077,78.8461538461538
"86",132,"La tormenta",30.5384615384615,51.3076923076923,34.3076923076923
"87",133,"Great",95.6923076923077,92,85.6923076923077
"88",134,"Great",92,92.3846153846154,95.6923076923077
"89",135,"Not Norman: A Goldfish Story",16.6923076923077,19.1538461538462,8.23076923076923
"90",137,"Far from the Tree",49.3076923076923,34.1538461538462,43.9230769230769
"91",138,"Far from the Tree",49.3076923076923,34.1538461538462,43.9230769230769
"92",139,"Kaleidoscope Song",41.6153846153846,46.3076923076923,44.1538461538462
"93",146,"Playing the Field",29.9230769230769,41.4615384615385,29.6923076923077
"94",148,"My Invented Life",42.4615384615385,40.9230769230769,45.0769230769231
"95",149,"My Invented Life",10.6153846153846,15.9230769230769,11
"96",150,"The Baby Tree",42.6923076923077,62.6153846153846,41.6923076923077
"97",151,"The Baby Tree",62.6153846153846,42.3076923076923,42.6923076923077
"98",152,"The Baby Tree",42.6923076923077,62.6153846153846,41.6923076923077
"99",153,"Boy2Girl",20.6153846153846,12.6923076923077,43.2307692307692
"100",154,"Girl Made of Stars",35.0769230769231,35.5384615384615,35.5384615384615
"101",155,"Ivy Aberdeen's Letter to the World",22.2307692307692,7.15384615384615,7.69230769230769
"102",157,"The Mighty Heart of Sunny St. James",3.76923076923077,18,11.6153846153846
"103",158,"Bowery Girl",22.2307692307692,31.0769230769231,35.5384615384615
"104",159,"Someone I Used to Know",73.6153846153846,65.3846153846154,78.5384615384615
"105",160,"Forever...",46.8461538461538,31.5384615384615,48.7692307692308
"106",161,"Forever...",36.2307692307692,45.5384615384615,53.6153846153846
"107",164,"A Bike Like Sergio's",0,14,15.1538461538462
"108",165,"Those Shoes",70.0769230769231,67.2307692307692,79.6923076923077
"109",167,"Will",29.5384615384615,29.3846153846154,36.1538461538462
"110",170,"Protest Movements: Then and Now",0,0,7.69230769230769
"111",171,"Into the Real",84.3846153846154,72,87.6153846153846
"112",172,"This Is Your Time",87.1538461538462,56.8461538461538,78.0769230769231
"113",173,"Black Rabbit Summer",18,1.23076923076923,8.69230769230769
"114",174,"Black Rabbit Summer",1.23076923076923,10.7692307692308,18
"115",179,"The Meaning of Birds",74.1538461538462,80.3846153846154,69.7692307692308
"116",190,"The Truth about Keeping Secrets",23.6153846153846,28.8461538461538,4.07692307692308
"117",193,"Alex As Well",56.3076923076923,32.6153846153846,44.6923076923077
"118",195,"101 Questions About Reproduction: Or How 1 + 1 = 3 or 4 or More",72.6153846153846,51.3076923076923,73.4615384615385
"119",199,"Zenobia July",7.92307692307692,3.61538461538462,19.2307692307692
"120",200,"One Green Apple",59.2307692307692,52.9230769230769,55.2307692307692
"121",201,"Smoky Night",57.4615384615385,43.2307692307692,60.3076923076923
"122",202,"The Vast Fields of Ordinary",15,21.5384615384615,0
"123",211,"I Am Enough",82.3846153846154,80.6923076923077,81.4615384615385
"124",214,"My Hair is a Garden",17.6153846153846,39.9230769230769,27.8461538461538
"125",215,"Felix Ever After",56.6153846153846,64.2307692307692,56.2307692307692
"126",216,"Felix Ever After",45.3846153846154,55.6153846153846,40.0769230769231
"127",217,"Hurricane Child",6.15384615384615,24.8461538461538,5.84615384615385
"128",218,"King and the Dragonflies",21.5384615384615,31.7692307692308,21.1538461538462
"129",219,"This Is Kind of an Epic Love Story",10.3076923076923,34.6923076923077,18.0769230769231
"130",220,"Echo After Echo",85,76.3846153846154,79.1538461538462
"131",221,"Draw Me a Star",47.8461538461538,26.8461538461538,44.1538461538462
"132",225,"Jane, Unlimited",7.69230769230769,0,0
"133",226,"Teen Pregnancy",76.6153846153846,70.8461538461538,77.6153846153846
"134",227,"Awakened (House of Night Series)",7.69230769230769,13.9230769230769,0
"135",229,"Burned (House of Night Series)",11.4615384615385,7.38461538461539,3.92307692307692
"136",233,"Hunted (House of Night Series)",7.69230769230769,15.2307692307692,0
"137",234,"Marked (House of Night Series)",18.4615384615385,25,30.0769230769231
"138",237,"Tempted (House of Night Series)",21.7692307692308,14,7.07692307692308
"139",239,"The Rape of Nanking",46.0769230769231,49.9230769230769,64
"140",240,"The Perks of Being a Wallflower",79.6923076923077,86.1538461538462,79.7692307692308
"141",241,"The Perks of Being a Wallflower",79.6923076923077,86.1538461538462,79.7692307692308
"142",242,"The Perks of Being a Wallflower",59.8461538461538,59.8461538461538,62.5384615384615
"143",244,"Hair Love",83.4615384615385,75.2307692307692,79.3846153846154
"144",246,"The Name Jar",61.1538461538462,64.7692307692308,60
"145",249,"The Red Scrolls of Magic",28.0769230769231,53.7692307692308,31.3076923076923
"146",250,"The Red Scrolls of Magic",53.7692307692308,30,28.0769230769231
"147",251,"Let the Children March",12.9230769230769,35.9230769230769,49.2307692307692
"148",252,"Freakboy",21.6153846153846,27.1538461538462,36.2307692307692
"149",254,"Forget This Ever Happened",31.1538461538462,35.6153846153846,21.6153846153846
"150",255,"The Pants Project",45.6153846153846,43.0769230769231,56.8461538461538
"151",257,"Between the World and Me",62,70.6153846153846,73.1538461538462
"152",258,"Between the World and Me",77.2307692307692,65.4615384615385,72.1538461538462
"153",263,"Naomi and Ely's No Kiss List",5.30769230769231,23.3846153846154,5.23076923076923
"154",264,"The Kingdom of Little Wounds",14.8461538461538,14.1538461538462,15
"155",265,"Little & Lion",32,45.7692307692308,56.1538461538462
"156",266,"Little & Lion",32,45.7692307692308,56.1538461538462
"157",267,"The Facts Speak for Themselves",17.6153846153846,30.3076923076923,19.3076923076923
"158",268,"The Story of Ruby Bridges",17.6153846153846,27.5384615384615,32.5384615384615
"159",269,"The Traitor Game",40.1538461538462,32.9230769230769,30.8461538461538
"160",271,"A Home for Goddesses and Dogs",11.4615384615385,3.69230769230769,7.61538461538461
"161",280,"How to Love",91,85.8461538461538,80.6923076923077
"162",281,"How to Love",85.8461538461538,86.7692307692308,91
"163",285,"My Family Plays Music",15.2307692307692,16.5384615384615,28.0769230769231
"164",286,"Class Act",85.8461538461538,70.3846153846154,61.6923076923077
"165",287,"Class Act",86.2307692307692,74.8461538461538,85.7692307692308
"166",288,"Class Act",70.3846153846154,70.7692307692308,85.8461538461538
"167",289,"New Kid",45,40.5384615384615,58.1538461538462
"168",290,"New Kid",49.7692307692308,51.6153846153846,37.3076923076923
"169",291,"New Kid",45,40.5384615384615,58.1538461538462
"170",292,"New Kid",51.6153846153846,40,49.7692307692308
"171",294,"Walk Two Moons",55.0769230769231,28,51.2307692307692
"172",296,"Beautiful Music for Ugly Children",7.69230769230769,21.3846153846154,7.61538461538461
"173",298,"Staying Fat for Sarah Byrnes",25.0769230769231,37.1538461538462,27.3076923076923
"174",299,"Staying Fat for Sarah Byrnes",37.1538461538462,10.4615384615385,25.0769230769231
"175",300,"Whale Talk",37.6153846153846,49.6923076923077,57.6153846153846
"176",301,"Flamer",70.5384615384615,76.5384615384615,68.6153846153846
"177",302,"Flamer",70.5384615384615,76.5384615384615,68.6153846153846
"178",304,"The Miseducation of Cameron Post",46.6923076923077,47.8461538461538,55.4615384615385
"179",305,"The Miseducation of Cameron Post",50.7692307692308,55.5384615384615,49.4615384615385
"180",307,"Happy families",39.9230769230769,30.2307692307692,26.8461538461538
"181",308,"This Book Is Gay",41.4615384615385,24.0769230769231,39
"182",309,"This Book Is Gay",24.0769230769231,24.9230769230769,41.4615384615385
"183",310,"This Book Is Gay",24.0769230769231,24.9230769230769,41.4615384615385
"184",311,"This Book Is Gay",41.4615384615385,24.0769230769231,39
"185",312,"This Book Is Gay",24.0769230769231,24.9230769230769,41.4615384615385
"186",313,"This Book Is Gay",49.8461538461538,43.5384615384615,47.7692307692308
"187",314,"Understanding Gender",68.7692307692308,44.5384615384615,57.5384615384615
"188",315,"The Boy I Love",74.6923076923077,81.8461538461538,63.7692307692308
"189",316,"Carmela Full of Wishes",20.4615384615385,25.7692307692308,15.1538461538462
"190",317,"Last Stop on Market Street",41.5384615384615,47.1538461538462,50.6923076923077
"191",318,"Mexican Whiteboy",37.9230769230769,30.9230769230769,44
"192",319,"The Migration North",62.6153846153846,64.6923076923077,53.4615384615385
"193",320,"The Migration North",60.3076923076923,39.6923076923077,58.5384615384615
"194",321,"The Gods of Tango",29.8461538461538,7.23076923076923,15.5384615384615
"195",322,"Maybe He Just Likes You",43.2307692307692,55.2307692307692,24.7692307692308
"196",323,"Star-Crossed",70.8461538461538,63.2307692307692,53.3846153846154
"197",324,"Star-Crossed",33.8461538461538,40.7692307692308,38
"198",330,"Look Past",82.8461538461538,65.8461538461538,79
"199",331,"White Fragility: Why It's So Hard for White People to Talk About Racism",7.61538461538461,0,7.69230769230769
"200",332,"Islandborn",21.1538461538462,16.7692307692308,16.9230769230769
"201",333,"The Love Interest",84.1538461538462,79.8461538461538,83.3076923076923
"202",334,"The Love Interest",79.8461538461538,70.1538461538462,84.1538461538462
"203",337,"You and Me and Him",87,86.0769230769231,75.0769230769231
"204",339,"The Magical Yet",52.6153846153846,24.4615384615385,35.3076923076923
"205",355,"WeirDo (WeirDo Series)",16.0769230769231,20.6923076923077,30.2307692307692
"206",360,"Narrative of the Life of Frederick Douglass",65.3076923076923,48.1538461538462,58.2307692307692
"207",361,"Blended",91.6153846153846,91.3846153846154,88.1538461538462
"208",362,"Blended",91.6153846153846,91.3846153846154,88.1538461538462
"209",363,"Blended",91.6153846153846,91.3846153846154,88.1538461538462
"210",364,"Darkness Before Dawn",50.3076923076923,52.6153846153846,65.1538461538462
"211",365,"Forged By Fire",50.5384615384615,48.6153846153846,62
"212",366,"Panic",82.0769230769231,92.1538461538462,83.4615384615385
"213",367,"Panic",82.0769230769231,92.1538461538462,83.4615384615385
"214",368,"Hot Dog Girl",85.2307692307692,80.3076923076923,77.0769230769231
"215",374,"An Indigenous Peoples' History of the United States",24.7692307692308,16.3076923076923,25.3076923076923
"216",375,"We Are Lost and Found",66.3076923076923,43.4615384615385,44.1538461538462
"217",377,"Killing Mr. Griffin",24.3846153846154,11.9230769230769,17.7692307692308
"218",378,"The Girl Who Fell from the Sky",44,48.8461538461538,54.7692307692308
"219",382,"After",91.5384615384615,88.2307692307692,81.0769230769231
"220",383,"After",88.2307692307692,91.3846153846154,91.5384615384615
"221",384,"Perfect Chemistry (Perfect Chemistry Series)",52.4615384615385,50.3846153846154,30.5384615384615
"222",385,"Milo's Museum",54.3846153846154,23.3846153846154,25.5384615384615
"223",390,"Hot Day on Abbott Avenue",3.69230769230769,10.6923076923077,27.8461538461538
"224",394,"Middlesex",80.7692307692308,89.7692307692308,80.9230769230769
"225",395,"We March",40.6153846153846,54.3846153846154,45.4615384615385
"226",396,"We March",10.6153846153846,9.61538461538461,40.3076923076923
"227",397,"Lawn Boy",30.5384615384615,49.4615384615385,23.9230769230769
"228",398,"Lawn Boy",30.5384615384615,49.4615384615385,23.9230769230769
"229",399,"Lawn Boy",38,48.5384615384615,77.0769230769231
"230",400,"Lawn Boy",38,48.5384615384615,77.0769230769231
"231",401,"Lawn Boy",30.5384615384615,49.4615384615385,23.9230769230769
"232",402,"Lawn Boy",38,48.5384615384615,77.0769230769231
"233",403,"Lawn Boy",49.4615384615385,50.6923076923077,30.5384615384615
"234",404,"Lawn Boy",49.4615384615385,50.6923076923077,30.5384615384615
"235",405,"Lawn Boy",38,48.5384615384615,77.0769230769231
"236",406,"Lawn Boy",30.5384615384615,49.4615384615385,23.9230769230769
"237",407,"Lawn Boy",30.5384615384615,49.4615384615385,23.9230769230769
"238",408,"Lawn Boy",30.5384615384615,49.4615384615385,23.9230769230769
"239",409,"Lawn Boy",30.5384615384615,49.4615384615385,23.9230769230769
"240",410,"Lawn Boy",30.5384615384615,49.4615384615385,23.9230769230769
"241",411,"Lawn Boy",49.4615384615385,50.6923076923077,30.5384615384615
"242",412,"Lawn Boy",30.5384615384615,49.4615384615385,23.9230769230769
"243",416,"My Heart Underwater",46.1538461538462,27.3076923076923,25.2307692307692
"244",417,"If You Could Be Mine",62.5384615384615,53.6923076923077,54.8461538461538
"245",418,"Tell Me Again How a Crush Should Feel",19,29.5384615384615,19.2307692307692
"246",420,"With Or Without You",91.1538461538462,77.9230769230769,89
"247",438,"Nate Expectations",22.3846153846154,14.3846153846154,30.6923076923077
"248",439,"The Great American Whatever",21.3846153846154,11.6923076923077,38.6923076923077
"249",442,"Hook Up",76.6153846153846,77.1538461538462,77
"250",445,"Seedfolks",46.6923076923077,26.8461538461538,35.9230769230769
"251",446,"Tattoo Atlas",53.3846153846154,58.3076923076923,70
"252",447,"Willful Machines",11.4615384615385,3.69230769230769,0
"253",452,"Gone Girl",54.3846153846154,62.8461538461538,60.2307692307692
"254",453,"Extremely Loud & Incredibly Close",29.0769230769231,29.1538461538462,24.2307692307692
"255",454,"Extremely Loud & Incredibly Close",43.3846153846154,51.8461538461538,36.1538461538462
"256",455,"The Carnival at Bray",7.69230769230769,7.53846153846154,0
"257",456,"Suicide Notes",69.3076923076923,62.2307692307692,58.5384615384615
"258",457,"I Was Here",52.9230769230769,49.3076923076923,59
"259",458,"Dime",91.2307692307692,91.2307692307692,93.9230769230769
"260",459,"Not Quite Snow White",15.9230769230769,40.7692307692308,27.6153846153846
"261",464,"Pedagogy of the Oppressed",54.4615384615385,56,62.6153846153846
"262",465,"All Eyes on Us",65.9230769230769,61.8461538461538,74.1538461538462
"263",466,"Lush",70.8461538461538,43.3846153846154,44.6153846153846
"264",469,"When We Were Magic",30.5384615384615,40,32.6923076923077
"265",470,"A Lesson Before Dying",63.4615384615385,33.3846153846154,41.3076923076923
"266",474,"Annie on My Mind",53.2307692307692,48.1538461538462,49.7692307692308
"267",476,"The Year They Burned the Books",15.3846153846154,0,8
"268",477,"Say the Word",86.1538461538462,77.1538461538462,87.1538461538462
"269",478,"Symptoms of Being Human",48.5384615384615,52.2307692307692,54.0769230769231
"270",479,"Symptoms of Being Human",56.9230769230769,51.2307692307692,40.6153846153846
"271",480,"Symptoms of Being Human",48.5384615384615,52.2307692307692,54.0769230769231
"272",482,"Hunger: A Memoir of (My) Body",0,0,7.69230769230769
"273",488,"The Difference Between You and Me",65.6153846153846,60.9230769230769,72.0769230769231
"274",489,"Lily and Dunkin",36.8461538461538,28,31.9230769230769
"275",490,"Lily and Dunkin",31.3076923076923,28.0769230769231,41.1538461538462
"276",491,"Lily and Dunkin",31.9230769230769,36.8461538461538,28.9230769230769
"277",492,"Lily and Dunkin",36.8461538461538,28,31.9230769230769
"278",494,"Melissa (George)",12.5384615384615,23.6923076923077,12.7692307692308
"279",495,"Melissa (George)",65.7692307692308,64.3846153846154,50.6153846153846
"280",496,"Melissa (George)",12.5384615384615,23.6923076923077,12.7692307692308
"281",497,"Melissa (George)",23.6923076923077,22.6153846153846,12.5384615384615
"282",498,"Melissa (George)",65.7692307692308,64.3846153846154,50.6153846153846
"283",499,"Melissa (George)",12.5384615384615,23.6923076923077,12.7692307692308
"284",500,"Rick",55.7692307692308,81.6923076923077,61.6153846153846
"285",503,"Girl Mans Up",25.7692307692308,21.7692307692308,17
"286",504,"Joshua and the City",37.4615384615385,32.8461538461538,35.9230769230769
"287",518,"Lord of the Flies",80.6153846153846,53.3846153846154,75.9230769230769
"288",522,"Sister Mischief",24.3076923076923,31.3076923076923,29
"289",523,"How Not to Ask a Boy to Prom",14.6923076923077,0,14.2307692307692
"290",525,"Forever for a Year",49.3076923076923,45.3846153846154,53.0769230769231
"291",526,"Forever for a Year",49.3076923076923,45.3846153846154,53.0769230769231
"292",527,"The Handsome Girl & Her Beautiful Boy",0,0,7.69230769230769
"293",528,"The Nerdy and the Dirty",18.7692307692308,10.5384615384615,4.84615384615385
"294",529,"The Nerdy and the Dirty",18.7692307692308,10.5384615384615,4.84615384615385
"295",533,"Refugee",68.6923076923077,53.4615384615385,54.3076923076923
"296",534,"Looking for Alaska",62.5384615384615,57.0769230769231,62.3846153846154
"297",535,"Looking for Alaska",62.3846153846154,62.5384615384615,48.3846153846154
"298",536,"Looking for Alaska",62.5384615384615,57.0769230769231,62.3846153846154
"299",537,"Looking for Alaska",62.3846153846154,62.5384615384615,48.3846153846154
"300",538,"Looking for Alaska",62.5384615384615,57.0769230769231,62.3846153846154
"301",542,"Lighter than My Shadow",17.6923076923077,7.46153846153846,25.8461538461538
"302",543,"Hooked",89.1538461538462,85.5384615384615,83
"303",544,"None of the Above",73.0769230769231,81.3076923076923,73.2307692307692
"304",545,"None of the Above",73.0769230769231,81.3076923076923,73.2307692307692
"305",546,"The Deepest Breath",33.9230769230769,48.4615384615385,30
"306",547,"Ordinary Hazards",46.4615384615385,36.2307692307692,22.7692307692308
"307",548,"Ordinary Hazards",25.9230769230769,36.6153846153846,33.2307692307692
"308",549,"Water for Elephants",56.8461538461538,73.6923076923077,74.1538461538462
"309",551,"What Philosophy Can Do",55,43.5384615384615,45
"310",552,"Homegoing",38.0769230769231,40.5384615384615,55.1538461538462
"311",556,"A Raisin in the Sun",60.0769230769231,29.6923076923077,79.1538461538462
"312",557,"The Last Exit to Normal",15.6153846153846,11.5384615384615,7.61538461538461
"313",558,"The Last Exit to Normal",11.5384615384615,7.53846153846154,15.6153846153846
"314",565,"Little Leaders: Bold Women in Black History",0,6.92307692307692,22.6923076923077
"315",566,"Little Legends: Exceptional Men in Black History",0,7.69230769230769,0
"316",569,"What We Saw",47.6153846153846,47.2307692307692,52.5384615384615
"317",570,"What We Saw",76.1538461538462,69.1538461538462,53.8461538461538
"318",571,"One Half from the East",53.2307692307692,50.0769230769231,42.1538461538462
"319",572,"Ramadan Around The World",1.61538461538462,18.8461538461538,7.30769230769231
"320",573,"Her Royal Highness",28.5384615384615,27.3076923076923,34.6923076923077
"321",574,"Her Royal Highness",46.4615384615385,62,48.4615384615385
"322",575,"Girl Crushed",23.4615384615385,23.7692307692308,36.5384615384615
"323",576,"Promposal",7.76923076923077,8.84615384615385,37.2307692307692
"324",577,"Unpregnant",53.4615384615385,45.1538461538462,28.3076923076923
"325",578,"Unpregnant",30.8461538461538,52.9230769230769,36.6153846153846
"326",579,"The Other Boy",85.7692307692308,77.6923076923077,87.3846153846154
"327",580,"Ask Me How I Got Here",48.2307692307692,24.4615384615385,36.3846153846154
"328",589,"The Outsiders",76.6923076923077,57.3846153846154,72.6153846153846
"329",590,"One True Way",71.3076923076923,49.1538461538462,66.4615384615385
"330",591,"Archenemy",43.2307692307692,52.9230769230769,39.9230769230769
"331",593,"Amazing Grace (Grace Series)",26.3076923076923,43.3846153846154,13.1538461538462
"332",594,"Jacob's New Dress",22.1538461538462,15.4615384615385,21.8461538461538
"333",598,"Redwood and Ponytail",42.6153846153846,14,28.8461538461538
"334",599,"Jack",82.3846153846154,89.6153846153846,85.7692307692308
"335",600,"Lovely",83.3076923076923,88.0769230769231,80.3076923076923
"336",602,"Burned (Burned Series)",70.6923076923077,64.6153846153846,60.1538461538462
"337",603,"Burned (Burned Series)",53.0769230769231,62.1538461538462,54.5384615384615
"338",604,"Crank (Crank Series)",51.7692307692308,47.1538461538462,61.3076923076923
"339",605,"Crank (Crank Series)",49.6923076923077,63.3846153846154,54.4615384615385
"340",606,"Crank (Crank Series)",63.3846153846154,66.6923076923077,49.6923076923077
"341",607,"Crank (Crank Series)",49.6923076923077,63.3846153846154,54.4615384615385
"342",608,"Crank (Crank Series)",49.6923076923077,63.3846153846154,54.4615384615385
"343",609,"Crank (Crank Series)",51.7692307692308,47.1538461538462,61.3076923076923
"344",610,"Crank (Crank Series)",51.7692307692308,47.1538461538462,61.3076923076923
"345",613,"Identical",89.6153846153846,84.5384615384615,80.6153846153846
"346",614,"Impulse (Impulse Series)",64.4615384615385,67.0769230769231,48.3076923076923
"347",615,"People Kill People",78.4615384615385,82.6153846153846,75.3076923076923
"348",619,"The You I've Never Known",19.8461538461538,2.53846153846154,33.2307692307692
"349",620,"Tilt",92.2307692307692,87.4615384615385,86.3076923076923
"350",621,"Tilt",92.2307692307692,87.4615384615385,86.3076923076923
"351",624,"Triangles",83.1538461538462,76.0769230769231,60.7692307692308
"352",625,"Triangles",76.0769230769231,63.4615384615385,83.1538461538462
"353",626,"Tricks (Tricks Series)",62.8461538461538,66,53.4615384615385
"354",627,"Tricks (Tricks Series)",66,68.7692307692308,62.8461538461538
"355",628,"Tricks (Tricks Series)",62.8461538461538,66,53.4615384615385
"356",629,"Michelle",71.4615384615385,77.6923076923077,78.4615384615385
"357",633,"How Many Stars in the Sky?",14.1538461538462,26.6923076923077,4.84615384615385
"358",634,"The Kite Runner",36.6153846153846,40.5384615384615,37.9230769230769
"359",635,"The Kite Runner",85,82.1538461538462,72.3076923076923
"360",636,"The Kite Runner",36.6153846153846,40.5384615384615,37.9230769230769
"361",637,"The Kite Runner",85,82.1538461538462,72.3076923076923
"362",639,"The Whispers",84.6153846153846,86.7692307692308,79.5384615384615
"363",640,"The Whispers",75.9230769230769,82.2307692307692,74.3076923076923
"364",649,"Their Eyes Were Watching God",60.7692307692308,37.0769230769231,79
"365",650,"Freaks and Revelations",0,0,7.69230769230769
"366",651,"At the Edge of the Universe",24.6153846153846,22.8461538461538,35
"367",652,"Brave Face: A Memoir",7.69230769230769,7.69230769230769,0
"368",653,"Brave Face: A Memoir",7.69230769230769,7.69230769230769,0
"369",654,"Brave Face: A Memoir",7.69230769230769,7.69230769230769,0
"370",655,"The Five Stages of Andrew Brawley",15.9230769230769,11.5384615384615,0
"371",656,"The Past and Other Things That Should Stay Buried",26.5384615384615,29.3846153846154,3.53846153846154
"372",657,"The Past and Other Things That Should Stay Buried",29.3846153846154,17.6153846153846,26.5384615384615
"373",658,"We Are the Ants",59.0769230769231,73.9230769230769,60.9230769230769
"374",659,"We Are the Ants",71.3846153846154,69.4615384615385,66.8461538461538
"375",660,"We Are the Ants",59.0769230769231,73.9230769230769,60.9230769230769
"376",661,"We Are the Ants",59.0769230769231,73.9230769230769,60.9230769230769
"377",662,"Brave New World",82.5384615384615,78.0769230769231,84
"378",663,"Brave New World",82.5384615384615,78.0769230769231,84
"379",664,"Jumpstart the World",29.3076923076923,18.6923076923077,25.6153846153846
"380",668,"The Cider House Rules",49.1538461538462,44.6923076923077,52.3846153846154
"381",669,"The Cider House Rules",49.1538461538462,44.6923076923077,52.3846153846154
"382",670,"Monday's Not Coming",33.6923076923077,27.0769230769231,29.6923076923077
"383",671,"Monday's Not Coming",27.0769230769231,28.3846153846154,33.6923076923077
"384",672,"Monday's Not Coming",27.0769230769231,28.3846153846154,33.6923076923077
"385",673,"Monday's Not Coming",27.0769230769231,28.3846153846154,33.6923076923077
"386",675,"Stained",96.6153846153846,94.4615384615385,84.3846153846154
"387",676,"Stained",94.4615384615385,92.2307692307692,96.6153846153846
"388",677,"I Promise",69.3076923076923,70.3846153846154,75.7692307692308
"389",678,"When Stars Are Scattered",42.6153846153846,49.5384615384615,44.0769230769231
"390",681,"I am Jazz",40.4615384615385,52.2307692307692,13.3846153846154
"391",688,"The Breakaways",34.6153846153846,30.7692307692308,34.6153846153846
"392",689,"The Breakaways",34.6153846153846,30.7692307692308,34.6153846153846
"393",690,"The Breakaways",34.6153846153846,30.7692307692308,34.6153846153846
"394",691,"The Breakaways",34.6153846153846,30.7692307692308,34.6153846153846
"395",692,"The Breakaways",34.6153846153846,30.7692307692308,34.6153846153846
"396",693,"The Breakaways",51.8461538461538,45.9230769230769,58.1538461538462
"397",694,"All Boys Aren't Blue",25,14.6923076923077,28.0769230769231
"398",695,"All Boys Aren't Blue",25,14.6923076923077,28.0769230769231
"399",696,"All Boys Aren't Blue",25,14.6923076923077,28.0769230769231
"400",697,"All Boys Aren't Blue",28.0769230769231,25,19.8461538461538
"401",698,"All Boys Aren't Blue",25,14.6923076923077,28.0769230769231
"402",699,"All Boys Aren't Blue",25,14.6923076923077,28.0769230769231
"403",700,"All Boys Aren't Blue",28.0769230769231,25,19.8461538461538
"404",701,"All Boys Aren't Blue",25,14.6923076923077,28.0769230769231
"405",702,"All Boys Aren't Blue",25,14.6923076923077,28.0769230769231
"406",703,"All Boys Aren't Blue",28.0769230769231,25,19.8461538461538
"407",704,"All Boys Aren't Blue",14.6923076923077,8.76923076923077,25
"408",705,"All Boys Aren't Blue",25,14.6923076923077,28.0769230769231
"409",706,"All Boys Aren't Blue",25,14.6923076923077,28.0769230769231
"410",707,"All Boys Aren't Blue",14.6923076923077,8.76923076923077,25
"411",708,"All Boys Aren't Blue",25,14.6923076923077,28.0769230769231
"412",709,"All Boys Aren't Blue",25,14.6923076923077,28.0769230769231
"413",710,"All Boys Aren't Blue",25,14.6923076923077,28.0769230769231
"414",711,"All Boys Aren't Blue",25,14.6923076923077,28.0769230769231
"415",712,"All Boys Aren't Blue",25,14.6923076923077,28.0769230769231
"416",713,"All Boys Aren't Blue",25,14.6923076923077,28.0769230769231
"417",714,"All Boys Aren't Blue",28.0769230769231,25,19.8461538461538
"418",715,"Target",54.0769230769231,70.1538461538462,51.4615384615385
"419",716,"This Is My America",73.2307692307692,59.6153846153846,70.5384615384615
"420",717,"This Is My America",57.6153846153846,79.3076923076923,70.5384615384615
"421",718,"My Life as a Rhombus",7.38461538461539,0,15.3076923076923
"422",719,"The Parker Inheritance",24.3076923076923,49.9230769230769,36.2307692307692
"423",721,"Exit, Pursued by a Bear",11.2307692307692,0,11.4615384615385
"424",723,"Combat Zone",77.4615384615385,71.7692307692308,79.3076923076923
"425",726,"Abortion",36.1538461538462,40.7692307692308,36
"426",744,"Let's Talk About Love",50.8461538461538,71.5384615384615,41.0769230769231
"427",745,"Let's Talk About Love",57.6923076923077,49.3076923076923,40.9230769230769
"428",748,"Almost Perfect",78.1538461538462,80.2307692307692,66.3846153846154
"429",749,"Almost Perfect",78.1538461538462,80.2307692307692,66.3846153846154
"430",750,"Almost Perfect",80.2307692307692,71.9230769230769,78.1538461538462
"431",752,"The Colors of Us",50.2307692307692,64.0769230769231,76.1538461538462
"432",754,"Life in Outer Space",47.9230769230769,38.2307692307692,53.9230769230769
"433",755,"More Than We Can Tell",75.0769230769231,45.5384615384615,71.0769230769231
"434",756,"How to Be an Antiracist",59.0769230769231,57.5384615384615,47.9230769230769
"435",757,"How to Be an Antiracist",39.8461538461538,73.3846153846154,40.8461538461538
"436",758,"How to Be an Antiracist",59.0769230769231,57.5384615384615,47.9230769230769
"437",759,"How to Be an Antiracist",59.0769230769231,57.5384615384615,47.9230769230769
"438",770,"Under My Hijab",34.4615384615385,29.9230769230769,42.7692307692308
"439",771,"The Love and Lies of Rukhsana Ali",22.6153846153846,14.7692307692308,25.1538461538462
"440",775,"They Called Me Red",49,40.3846153846154,54.7692307692308
"441",776,"Ask the Passengers",38.2307692307692,37.3076923076923,46.6153846153846
"442",777,"Ask the Passengers",41.7692307692308,38.8461538461538,42.5384615384615
"443",778,"Everybody Sees the Ants",7.46153846153846,19.5384615384615,17.9230769230769
"444",781,"The Cutting Room Floor",27.5384615384615,38.2307692307692,32.3846153846154
"445",783,"Love Drugged",34.4615384615385,24.6153846153846,19.3076923076923
"446",787,"Pearl",70.8461538461538,57.6153846153846,61.0769230769231
"447",788,"See You at Harry's",22.2307692307692,14.6153846153846,30.4615384615385
"448",789,"Gender Queer: A Memoir",39.9230769230769,6.30769230769231,17.5384615384615
"449",790,"Gender Queer: A Memoir",39.9230769230769,6.30769230769231,17.5384615384615
"450",791,"Gender Queer: A Memoir",39.9230769230769,6.30769230769231,17.5384615384615
"451",792,"Gender Queer: A Memoir",39.9230769230769,6.30769230769231,17.5384615384615
"452",793,"Gender Queer: A Memoir",39.9230769230769,6.30769230769231,17.5384615384615
"453",794,"Gender Queer: A Memoir",39.9230769230769,6.30769230769231,17.5384615384615
"454",795,"Gender Queer: A Memoir",39.9230769230769,6.30769230769231,17.5384615384615
"455",796,"Gender Queer: A Memoir",39.9230769230769,6.30769230769231,17.5384615384615
"456",797,"Gender Queer: A Memoir",39.9230769230769,6.30769230769231,17.5384615384615
"457",798,"Gender Queer: A Memoir",17.5384615384615,39.9230769230769,16.3076923076923
"458",799,"Gender Queer: A Memoir",17.5384615384615,39.9230769230769,16.3076923076923
"459",800,"Gender Queer: A Memoir",6.30769230769231,2.69230769230769,39.9230769230769
"460",801,"Gender Queer: A Memoir",39.9230769230769,6.30769230769231,17.5384615384615
"461",802,"Gender Queer: A Memoir",39.9230769230769,6.30769230769231,17.5384615384615
"462",803,"Gender Queer: A Memoir",39.9230769230769,6.30769230769231,17.5384615384615
"463",804,"Gender Queer: A Memoir",6.30769230769231,2.69230769230769,39.9230769230769
"464",805,"Gender Queer: A Memoir",39.9230769230769,6.30769230769231,17.5384615384615
"465",806,"Gender Queer: A Memoir",39.9230769230769,6.30769230769231,17.5384615384615
"466",807,"Gender Queer: A Memoir",39.9230769230769,6.30769230769231,17.5384615384615
"467",808,"Gender Queer: A Memoir",39.9230769230769,6.30769230769231,17.5384615384615
"468",809,"Gender Queer: A Memoir",39.9230769230769,6.30769230769231,17.5384615384615
"469",810,"Gender Queer: A Memoir",39.9230769230769,6.30769230769231,17.5384615384615
"470",811,"Gender Queer: A Memoir",39.9230769230769,6.30769230769231,17.5384615384615
"471",812,"Gender Queer: A Memoir",39.9230769230769,6.30769230769231,17.5384615384615
"472",813,"Gender Queer: A Memoir",6.30769230769231,2.69230769230769,39.9230769230769
"473",814,"Gender Queer: A Memoir",39.9230769230769,6.30769230769231,17.5384615384615
"474",815,"Gender Queer: A Memoir",6.30769230769231,2.69230769230769,39.9230769230769
"475",816,"Gender Queer: A Memoir",39.9230769230769,6.30769230769231,17.5384615384615
"476",817,"Gender Queer: A Memoir",39.9230769230769,6.30769230769231,17.5384615384615
"477",818,"Gender Queer: A Memoir",17.5384615384615,39.9230769230769,16.3076923076923
"478",819,"Boy Girl Boy",91.5384615384615,94.8461538461538,90.4615384615385
"479",823,"The Bridge",85.1538461538462,92.5384615384615,88.7692307692308
"480",824,"The Music of What Happens",67.1538461538462,48.7692307692308,64.3846153846154
"481",825,"The Music of What Happens",67.1538461538462,48.7692307692308,64.3846153846154
"482",826,"The Music of What Happens",64.4615384615385,67.1538461538462,49.5384615384615
"483",828,"Same, Same But Different",46.3846153846154,45.6923076923077,51.3846153846154
"484",829,"Harvesting Hope: The Story of Cesar Chavez",7.69230769230769,0,0
"485",844,"El color de la piel",77.1538461538462,81.3076923076923,68.6923076923077
"486",845,"Reverie",83.6923076923077,85.9230769230769,89.7692307692308
"487",847,"Everything Leads to You",50.1538461538462,52.9230769230769,45.2307692307692
"488",848,"You Know Me Well",77.9230769230769,85.0769230769231,68.3076923076923
"489",849,"You Know Me Well",61.2307692307692,81.1538461538462,56.0769230769231
"490",857,"Autoboyography",31.0769230769231,38.9230769230769,32.1538461538462
"491",858,"Trail of Crumbs",30.2307692307692,29.6153846153846,23
"492",860,"All We Can Do Is Wait",62,44.2307692307692,66.1538461538462
"493",861,"Heavy: An American Memoir",15.9230769230769,22.7692307692308,21.5384615384615
"494",862,"Heavy: An American Memoir",15.9230769230769,22.7692307692308,21.5384615384615
"495",863,"Drawn Together",68.1538461538462,81.8461538461538,60.9230769230769
"496",864,"My Book of Life by Angel",17.9230769230769,10.6153846153846,18.8461538461538
"497",865,"Absolute Brightness",37.4615384615385,24.8461538461538,69.0769230769231
"498",866,"To Kill a Mockingbird",47.9230769230769,33.4615384615385,55.1538461538462
"499",867,"To Kill a Mockingbird",47.9230769230769,33.4615384615385,55.1538461538462
"500",868,"I'll Be the One",70.4615384615385,63.9230769230769,67.6153846153846
"501",876,"The Downstairs Girl",28.7692307692308,35,33.6153846153846
"502",877,"Rape On Campus",48.4615384615385,38.2307692307692,36.7692307692308
"503",879,"Every Day (Every Day Series)",56.0769230769231,47.6923076923077,56.4615384615385
"504",883,"Love Is the Higher Law",18.3846153846154,26.0769230769231,30
"505",884,"Two Boys Kissing",70.3846153846154,64.3076923076923,60.6923076923077
"506",885,"Two Boys Kissing",70.3846153846154,64.3076923076923,60.6923076923077
"507",886,"Two Boys Kissing",59.7692307692308,63.2307692307692,65.3846153846154
"508",887,"Wide Awake",52.0769230769231,58.2307692307692,62.3076923076923
"509",888,"Gravity",92.3846153846154,89.0769230769231,80.6923076923077
"510",892,"A Big Mooncake for Little Star",11.3076923076923,10.4615384615385,20.6923076923077
"511",893,"Draw the Line",59.5384615384615,53.7692307692308,82.8461538461538
"512",894,"A Line in the Dark",65.2307692307692,53.7692307692308,71.4615384615385
"513",895,"Ash",42.9230769230769,29.1538461538462,27.6153846153846
"514",896,"Ash",29.1538461538462,31.3076923076923,42.9230769230769
"515",901,"For Black Girls Like Me",44.4615384615385,33.8461538461538,54
"516",902,"For Black Girls Like Me",42,37.7692307692308,55.3076923076923
"517",905,"Proxy (Proxy Series)",69.4615384615385,62.5384615384615,68.6153846153846
"518",906,"Proxy (Proxy Series)",60.1538461538462,67.4615384615385,66.7692307692308
"519",913,"Daughters Unto Devils",15.2307692307692,0,22.2307692307692
"520",914,"Daughters Unto Devils",0,11.6153846153846,8.38461538461539
"521",917,"Ship It",88.2307692307692,83.7692307692308,86.6923076923077
"522",923,"A Court of Frost and Starlight",48.4615384615385,60.6923076923077,63.3846153846154
"523",924,"A Court of Mist and Fury",69.3076923076923,58.2307692307692,64.6153846153846
"524",925,"A Court of Mist and Fury",57.3076923076923,71.3846153846154,68.0769230769231
"525",926,"10 Things I Can See From Here",32.1538461538462,31.2307692307692,33.1538461538462
"526",927,"Charmed",63.7692307692308,77.3846153846154,63.2307692307692
"527",928,"Crush",81.0769230769231,84.2307692307692,83.9230769230769
"528",929,"The Way Back",86.5384615384615,80.3076923076923,87.0769230769231
"529",930,"In the Dream House",76.8461538461538,78.3076923076923,84.1538461538462
"530",931,"In the Dream House",76.8461538461538,78.3076923076923,84.1538461538462
"531",932,"Our Skin: A First Conversation About Race",22.9230769230769,11.0769230769231,4
"532",936,"My Life as a Diamond",21.6923076923077,10.6923076923077,27
"533",937,"Teens & Sex",45.0769230769231,31.3846153846154,38.0769230769231
"534",939,"Get Up, Stand Up",38.8461538461538,45.2307692307692,60.7692307692308
"535",941,"Alma and How She Got Her Name",43.0769230769231,24.5384615384615,26.6153846153846
"536",944,"Blood Sport",41.5384615384615,50.6153846153846,40.3846153846154
"537",946,"Masked",49.6923076923077,55.5384615384615,31.5384615384615
"538",947,"Masked",55.5384615384615,29.5384615384615,49.6923076923077
"539",948,"Sold",88.3846153846154,83.6923076923077,76.5384615384615
"540",949,"Sold",83.6923076923077,82,88.3846153846154
"541",950,"Sold",88.3846153846154,83.6923076923077,76.5384615384615
"542",952,"Blood Water Paint",35.2307692307692,30,18.1538461538462
"543",955,"Come with Me",93.5384615384615,92.1538461538462,94.9230769230769
"544",956,"Heroine",84.8461538461538,94.4615384615385,83.1538461538462
"545",960,"When the Moon Was Ours",15.3846153846154,47.6153846153846,19.5384615384615
"546",961,"When the Moon Was Ours",47.6153846153846,31.1538461538462,15.3846153846154
"547",962,"Indian No More",62.9230769230769,60.7692307692308,63.3846153846154
"548",974,"Vampire Academy (Vampire Academy Series)",23.0769230769231,39.5384615384615,33.6153846153846
"549",975,"Lubna and Pebble",25,18.0769230769231,16.6923076923077
"550",976,"Burn Baby Burn",75.3846153846154,76.3076923076923,84.4615384615385
"551",977,"Mango, Abuela, and Me",11.3076923076923,3.53846153846154,19
"552",978,"Yaqui Delgado Wants to Kick Your Ass",21.6153846153846,0,29.3076923076923
"553",981,"I Am Alfonso Jones",20.3846153846154,18.0769230769231,32.2307692307692
"554",983,"I am Martin Luther King, Jr.",15.3076923076923,25.3846153846154,27.6153846153846
"555",984,"I Am Rosa Parks",19,8.30769230769231,16.1538461538462
"556",986,"A Kids Book About Racism",23.6923076923077,27.8461538461538,14.0769230769231
"557",988,"Cut Both Ways",37.7692307692308,40.0769230769231,41.6923076923077
"558",989,"Cut Both Ways",60.6153846153846,55,51.0769230769231
"559",990,"Perfectly Good White Boy",22.9230769230769,19.9230769230769,13.2307692307692
"560",991,"Sex & Violence",34.7692307692308,25.4615384615385,26.8461538461538
"561",993,"Eclipse (Twilight Series)",17.0769230769231,38.2307692307692,37.9230769230769
"562",994,"Eclipse (Twilight Series)",17.0769230769231,38.2307692307692,37.9230769230769
"563",1015,"Early Sunday Morning",47.3846153846154,70,58.7692307692308
"564",1016,"All the Things We Do in the Dark",50.4615384615385,52.8461538461538,45.1538461538462
"565",1017,"All the Things We Do in the Dark",52.8461538461538,46.0769230769231,50.4615384615385
"566",1018,"Baseball Saved Us",31.0769230769231,19.0769230769231,29.5384615384615
"567",1019,"Should Abortion Be Legal?",28.4615384615385,13.9230769230769,29.0769230769231
"568",1020,"The Guide for White Women Who Teach Black Boys",0,7.69230769230769,0
"569",1021,"V for Vendetta",21.6153846153846,32.3846153846154,16.1538461538462
"570",1022,"V for Vendetta",32.3846153846154,22.0769230769231,21.6153846153846
"571",1023,"V for Vendetta",32.3846153846154,22.0769230769231,21.6153846153846
"572",1024,"Saturday",82,81.6923076923077,84.4615384615385
"573",1026,"Dreamers",75.9230769230769,79.3846153846154,65.9230769230769
"574",1029,"Beloved",39,18.0769230769231,53.3076923076923
"575",1030,"Beloved",53.3076923076923,39,22.6153846153846
"576",1031,"Beloved",39,18.0769230769231,53.3076923076923
"577",1032,"Peeny Butter Fudge",30,10.4615384615385,11.4615384615385
"578",1033,"The Bluest Eye",36.6923076923077,31.7692307692308,58.3076923076923
"579",1034,"The Bluest Eye",58.3076923076923,36.6923076923077,37.4615384615385
"580",1035,"The Bluest Eye",58.3076923076923,36.6923076923077,37.4615384615385
"581",1036,"The Bluest Eye",36.6923076923077,31.7692307692308,58.3076923076923
"582",1037,"The Bluest Eye",58.3076923076923,36.6923076923077,37.4615384615385
"583",1038,"The Bluest Eye",58.3076923076923,36.6923076923077,37.4615384615385
"584",1039,"The Bluest Eye",36.6923076923077,31.7692307692308,58.3076923076923
"585",1040,"The Bluest Eye",36.6923076923077,31.7692307692308,58.3076923076923
"586",1041,"The Bluest Eye",58.3076923076923,36.6923076923077,37.4615384615385
"587",1042,"The Bluest Eye",36.6923076923077,31.7692307692308,58.3076923076923
"588",1043,"The Bluest Eye",36.6923076923077,31.7692307692308,58.3076923076923
"589",1044,"The Bluest Eye",36.6923076923077,31.7692307692308,58.3076923076923
"590",1047,"Gone, Gone, Gone",49.4615384615385,51.6923076923077,49.2307692307692
"591",1048,"Gone, Gone, Gone",51.6923076923077,31.6153846153846,49.4615384615385
"592",1049,"Marco Impossible",18.0769230769231,23.3846153846154,33.6153846153846
"593",1050,"47",85.8461538461538,88.7692307692308,82.7692307692308
"594",1054,"Wings",83.8461538461538,84.1538461538462,87.6923076923077
"595",1055,"Monster",81,88.7692307692308,81.2307692307692
"596",1056,"Monster",81,88.7692307692308,81.2307692307692
"597",1057,"Kissing Kate",54.7692307692308,59.4615384615385,68.1538461538462
"598",1058,"l8r, g8r",7.23076923076923,3.61538461538462,7.69230769230769
"599",1059,"l8r, g8r",7.69230769230769,7.23076923076923,7.15384615384615
"600",1060,"l8r, g8r",7.53846153846154,0,15.0769230769231
"601",1061,"l8r, g8r",7.23076923076923,3.61538461538462,7.69230769230769
"602",1062,"l8r, g8r",7.23076923076923,3.61538461538462,7.69230769230769
"603",1063,"l8r, g8r",7.69230769230769,7.23076923076923,7.15384615384615
"604",1064,"l8r, g8r",7.23076923076923,3.61538461538462,7.69230769230769
"605",1065,"l8r, g8r",7.23076923076923,3.61538461538462,7.69230769230769
"606",1066,"Shine",87.8461538461538,92.4615384615385,86.8461538461538
"607",1067,"The Infinite Moment of Us",14.6153846153846,5.69230769230769,28.3846153846154
"608",1068,"The Infinite Moment of Us",28.3846153846154,14.6153846153846,11.3846153846154
"609",1069,"The Infinite Moment of Us",7.38461538461539,12.1538461538462,18.8461538461538
"610",1070,"The Infinite Moment of Us",14.6153846153846,5.69230769230769,28.3846153846154
"611",1073,"Lolita",91.3846153846154,88.3076923076923,83.7692307692308
"612",1074,"A is for Activist",49,64.6153846153846,64
"613",1081,"I'll Give You the Sun",49.0769230769231,48.4615384615385,38.6923076923077
"614",1082,"I'll Give You the Sun",57.6923076923077,68.8461538461538,58.3846153846154
"615",1083,"Nelson Mandela",71.6153846153846,71.0769230769231,64.0769230769231
"616",1085,"I Am Who I Am",90.6923076923077,89.8461538461538,87.6153846153846
"617",1086,"Heather Has Two Mommies",3.76923076923077,8.53846153846154,1.53846153846154
"618",1087,"Jailbait",33.8461538461538,33.7692307692308,26.5384615384615
"619",1089,"Sparkle Boy",66.2307692307692,63.3076923076923,57.4615384615385
"620",1090,"The Magic Fish",72.5384615384615,63,68.9230769230769
"621",1091,"The Magic Fish",72.5384615384615,63,68.9230769230769
"622",1098,"Sulwe",46.5384615384615,64.5384615384615,58.9230769230769
"623",1099,"The Things They Carried",63,46.8461538461538,75.3076923076923
"624",1100,"Equal Rights",76.2307692307692,64.6923076923077,67.5384615384615
"625",1101,"Equal Rights",68.3076923076923,53.9230769230769,80.2307692307692
"626",1102,"Asking for It",50.7692307692308,42.6923076923077,40.1538461538462
"627",1103,"Identity and Gender",73.2307692307692,50.2307692307692,60.2307692307692
"628",1104,"Before I Fall",78.6153846153846,86,73.0769230769231
"629",1105,"Broken Things",83.2307692307692,78.0769230769231,81.7692307692308
"630",1106,"Our Class is a Family",63.3846153846154,26.2307692307692,36
"631",1107,"So You Want to Talk About Race",47.7692307692308,46.2307692307692,31.5384615384615
"632",1108,"So You Want to Talk About Race",31.5384615384615,47.7692307692308,23.6923076923077
"633",1109,"An African American and Latinx History of the United States",22.6153846153846,7.15384615384615,15.2307692307692
"634",1110,"An African American and Latinx History of the United States",14.6153846153846,21.6923076923077,30.3076923076923
"635",1111,"An African American and Latinx History of the United States",14.6153846153846,21.6923076923077,30.3076923076923
"636",1112,"The People Shall Continue",30.6153846153846,34.5384615384615,47
"637",1114,"Each of Us a Desert",42.3846153846154,32.3846153846154,35.8461538461538
"638",1115,"The Witch Boy (The Witch Boy Series)",34.5384615384615,27.6153846153846,34.6923076923077
"639",1116,"Away We Go",85.0769230769231,78,88.6923076923077
"640",1118,"The Best at It",81.5384615384615,53.6923076923077,80.0769230769231
"641",1124,"Teenage Sex and Pregnancy",45.4615384615385,19.0769230769231,38.0769230769231
"642",1127,"Bridge to Terabithia",57.1538461538462,70.3846153846154,70.3076923076923
"643",1128,"Cradle and All",54.3846153846154,65.4615384615385,49.6153846153846
"644",1129,"Cradle and All",65.4615384615385,50.2307692307692,54.3846153846154
"645",1133,"Pink Is for Boys",54.8461538461538,45.2307692307692,47.2307692307692
"646",1134,"The Best Man",73.3076923076923,81,75.1538461538462
"647",1135,"The Best Man",81,67.6153846153846,73.3076923076923
"648",1137,"All Are Welcome",71.2307692307692,60.3846153846154,67.3076923076923
"649",1138,"Out of Darkness",16.8461538461538,22.6923076923077,14.7692307692308
"650",1139,"Out of Darkness",52.3846153846154,60,46.6923076923077
"651",1140,"Out of Darkness",16.8461538461538,22.6923076923077,14.7692307692308
"652",1141,"Out of Darkness",16.8461538461538,22.6923076923077,14.7692307692308
"653",1142,"Out of Darkness",16.8461538461538,22.6923076923077,14.7692307692308
"654",1143,"Out of Darkness",52.3846153846154,60,46.6923076923077
"655",1144,"Out of Darkness",16.8461538461538,22.6923076923077,14.7692307692308
"656",1145,"Out of Darkness",52.3846153846154,60,46.6923076923077
"657",1146,"Out of Darkness",52.3846153846154,60,46.6923076923077
"658",1147,"Out of Darkness",52.3846153846154,60,46.6923076923077
"659",1148,"Out of Darkness",16.8461538461538,22.6923076923077,14.7692307692308
"660",1149,"Out of Darkness",22.6923076923077,13.2307692307692,16.8461538461538
"661",1150,"Out of Darkness",16.8461538461538,22.6923076923077,14.7692307692308
"662",1151,"Out of Darkness",16.8461538461538,22.6923076923077,14.7692307692308
"663",1152,"Out of Darkness",16.8461538461538,22.6923076923077,14.7692307692308
"664",1153,"Out of Darkness",16.8461538461538,22.6923076923077,14.7692307692308
"665",1154,"Hey Black Child",38.3076923076923,50.1538461538462,36.3076923076923
"666",1157,"Far from Xanadu",7.15384615384615,6.92307692307692,14.7692307692308
"667",1159,"grl2grl",0,0,7.69230769230769
"668",1161,"Keeping You a Secret",52.7692307692308,38,58.6153846153846
"669",1162,"Lies My Girlfriend Told Me",15.5384615384615,18.9230769230769,24
"670",1163,"Rage: A Love Story",25.3846153846154,36.6153846153846,13.6153846153846
"671",1164,"Rage: A Love Story",36.6153846153846,3.53846153846154,25.3846153846154
"672",1168,"The Stars and the Blackness Between Them",20.6153846153846,12.7692307692308,31.7692307692308
"673",1169,"My Sister's Keeper",69.7692307692308,56.3076923076923,61.8461538461538
"674",1170,"My Sister's Keeper",69.7692307692308,56.3076923076923,61.8461538461538
"675",1171,"Nineteen Minutes",25.9230769230769,27.1538461538462,56.3846153846154
"676",1172,"Nineteen Minutes",56.3846153846154,25.9230769230769,39.2307692307692
"677",1173,"Nineteen Minutes",56.3846153846154,25.9230769230769,39.2307692307692
"678",1174,"The Tenth Circle",11.8461538461538,12.1538461538462,29.9230769230769
"679",1177,"Fishing Day",44.1538461538462,65.6153846153846,27.4615384615385
"680",1180,"The Bell Jar",79.6923076923077,61.9230769230769,78.7692307692308
"681",1181,"What Happened to Lani Garver",15.0769230769231,0,0
"682",1182,"Like Water",89.8461538461538,82.9230769230769,86.5384615384615
"683",1183,"In Our Mothers' House",31.0769230769231,15.3076923076923,21.4615384615385
"684",1184,"In Our Mothers' House",15.3076923076923,19.4615384615385,31.0769230769231
"685",1185,"Mrs. Katz and Tush",7.30769230769231,0,7.69230769230769
"686",1186,"The Butterfly",85.7692307692308,84.8461538461538,76.6923076923077
"687",1190,"Gracefully Grayson",43.6153846153846,7.53846153846154,21
"688",1194,"Rainbow Revolutionaries: Fifty LGBTQ+ People Who Made History",50.3846153846154,51.2307692307692,71.7692307692308
"689",1195,"Rainbow Revolutionaries: Fifty LGBTQ+ People Who Made History",45.0769230769231,31.6153846153846,56.7692307692308
"690",1197,"Late to the Party",69.3846153846154,41,53.8461538461538
"691",1201,"My Papi Has a Motorcycle",15.2307692307692,14.0769230769231,13.3846153846154
"692",1203,"Scars",79.3076923076923,91.6923076923077,83
"693",1204,"A Good Kind of Trouble",49.5384615384615,46.3076923076923,57.1538461538462
"694",1205,"The Truth Is",82,74.3846153846154,84.6923076923077
"695",1206,"Citizen: An American Lyric",39.1538461538462,29.3076923076923,17.8461538461538
"696",1207,"33 Snowfish",15.6153846153846,0.230769230769231,4
"697",1211,"The Nowhere Girls",52.2307692307692,61.9230769230769,47.5384615384615
"698",1212,"The Nowhere Girls",40.6153846153846,55,34.2307692307692
"699",1213,"The Nowhere Girls",40.6153846153846,55,34.2307692307692
"700",1214,"The Black Kids",67.9230769230769,59.6923076923077,61.7692307692308
"701",1215,"All American Boys",56.3846153846154,41,58.4615384615385
"702",1216,"All American Boys",56.3846153846154,41,58.4615384615385
"703",1217,"All American Boys",56.3846153846154,41,58.4615384615385
"704",1218,"All American Boys",56.3846153846154,41,58.4615384615385
"705",1219,"All American Boys",56.3846153846154,41,58.4615384615385
"706",1220,"All American Boys",53,68.3846153846154,72.7692307692308
"707",1221,"All American Boys",58.4615384615385,56.3846153846154,53
"708",1222,"All American Boys",56.3846153846154,41,58.4615384615385
"709",1223,"As Brave As You",61.4615384615385,61.8461538461538,74.9230769230769
"710",1230,"Detour for Emmy",7.69230769230769,14.6153846153846,22.9230769230769
"711",1231,"Say Something",82.3846153846154,85.4615384615385,86.3076923076923
"712",1235,"Ghost Boys",70.6153846153846,57,69.2307692307692
"713",1236,"Ghost Boys",57,62.3076923076923,70.6153846153846
"714",1237,"Ghost Boys",57,62.3076923076923,70.6153846153846
"715",1238,"Ghost Boys",70.6153846153846,57,69.2307692307692
"716",1240,"And Tango Makes Three",44.8461538461538,34.5384615384615,60.3846153846154
"717",1241,"Juliet Takes a Breath",35,23.3076923076923,20.9230769230769
"718",1242,"Juliet Takes a Breath",35,23.3076923076923,20.9230769230769
"719",1243,"Juliet Takes a Breath",23.3076923076923,23.2307692307692,35
"720",1244,"Another",87.0769230769231,88.5384615384615,91.4615384615385
"721",1245,"You Matter",84.1538461538462,86.7692307692308,89.3846153846154
"722",1247,"Finding Community",52.4615384615385,47.1538461538462,61.0769230769231
"723",1249,"Living with Religion and Faith",22.6923076923077,14.4615384615385,25.6153846153846
"724",1251,"White Rabbit",76,69.2307692307692,72.6923076923077
"725",1254,"Jack of Hearts (and other parts)",17.1538461538462,1.84615384615385,0
"726",1255,"Jack of Hearts (and other parts)",1.84615384615385,3.53846153846154,17.1538461538462
"727",1256,"Jack of Hearts (and other parts)",1.84615384615385,3.53846153846154,17.1538461538462
"728",1257,"Jack of Hearts (and other parts)",1.84615384615385,3.53846153846154,17.1538461538462
"729",1258,"Jack of Hearts (and other parts)",1.84615384615385,3.53846153846154,17.1538461538462
"730",1259,"Jack of Hearts (and other parts)",17.1538461538462,1.84615384615385,0
"731",1261,"Cherry",83.1538461538462,72,75.3076923076923
"732",1262,"Shades of People",58.1538461538462,68.6923076923077,62.2307692307692
"733",1264,"Eleanor & Park",43.4615384615385,52.8461538461538,40.2307692307692
"734",1265,"Eleanor & Park",42.8461538461538,46.3846153846154,50.8461538461538
"735",1267,"Little Melba and Her Big Trombone",15.0769230769231,20.9230769230769,0
"736",1268,"Birthday",78,88.9230769230769,81.2307692307692
"737",1269,"If I Was Your Girl",80.3846153846154,78.3076923076923,79.7692307692308
"738",1270,"If I Was Your Girl",78.8461538461538,79.5384615384615,68.7692307692308
"739",1272,"Miles Away from You",66,52.0769230769231,54.0769230769231
"740",1273,"Miles Away from You",52.0769230769231,53.5384615384615,66
"741",1278,"Amal Unbound",45.9230769230769,56.6153846153846,42.7692307692308
"742",1279,"Bilal Cooks Daal",11.3846153846154,28.3846153846154,15.6923076923077
"743",1282,"The Story of Rap",45.7692307692308,46.0769230769231,45.3076923076923
"744",1283,"The Moon Within",60.3846153846154,57.6153846153846,68.8461538461538
"745",1284,"The Moon Within",66.1538461538462,59.8461538461538,69.3846153846154
"746",1285,"642 Things to Write About",10.0769230769231,0.153846153846154,1.38461538461538
"747",1286,"Bait",59.8461538461538,83.2307692307692,70.0769230769231
"748",1287,"Getting It",77.7692307692308,77.3076923076923,87.0769230769231
"749",1292,"So Hard to Say",81.3846153846154,79.4615384615385,86.3076923076923
"750",1293,"I Am Not Your Perfect Mexican Daughter",60.4615384615385,49.6923076923077,54.9230769230769
"751",1294,"I Am Not Your Perfect Mexican Daughter",39.7692307692308,51.3076923076923,48.1538461538462
"752",1295,"Peaceful Fights for Equal Rights",0,14.3846153846154,15.8461538461538
"753",1296,"Pride: The Story of Harvey Milk and the Rainbow Flag",22.3846153846154,7,7.30769230769231
"754",1297,"Pride: The Story of Harvey Milk and the Rainbow Flag",7,21.5384615384615,7.69230769230769
"755",1298,"Pride: The Story of Harvey Milk and the Rainbow Flag",3.92307692307692,3.53846153846154,15.1538461538462
"756",1302,"Push",91.5384615384615,86.5384615384615,89.7692307692308
"757",1303,"Ana on the Edge",30.2307692307692,28.8461538461538,30.1538461538462
"758",1304,"Persepolis: The Story of a Childhood",23.3076923076923,20,13.5384615384615
"759",1305,"All the World",89.3846153846154,93.6153846153846,94.3846153846154
"760",1306,"Fans of the Impossible Life",36.3076923076923,28.6153846153846,14.4615384615385
"761",1309,"Lizard Radio",36.1538461538462,44.1538461538462,38.3846153846154
"762",1310,"The Last Time I Wore a Dress",37.6153846153846,36,26.9230769230769
"763",1312,"The Hope Chest",59.0769230769231,63.7692307692308,61.6923076923077
"764",1313,"Scary Stories to Tell in the Dark",26.3076923076923,22,26.7692307692308
"765",1315,"Living Dead Girl",41.3076923076923,48.7692307692308,35.4615384615385
"766",1323,"The LGBT Community",68.6923076923077,63.3846153846154,71.0769230769231
"767",1324,"Lucky",82.7692307692308,80.0769230769231,77.3846153846154
"768",1325,"Lucky",80.0769230769231,80.6923076923077,82.7692307692308
"769",1326,"The Lovely Bones",48.3846153846154,49.5384615384615,37.1538461538462
"770",1327,"The Deaf Musicians",4.53846153846154,18.6923076923077,32.5384615384615
"771",1329,"Just Kill Me",71.2307692307692,79.6153846153846,72.5384615384615
"772",1330,"Between Shades of Gray",56.1538461538462,57.3076923076923,71.2307692307692
"773",1331,"Out of the Easy",84,62.4615384615385,83.3076923076923
"774",1332,"Ven a Mi Casa",4.69230769230769,5.69230769230769,25.9230769230769
"775",1334,"The Berlin Boxing Club",4.84615384615385,18.9230769230769,22.4615384615385
"776",1335,"Far from You",88.3076923076923,85.8461538461538,81.1538461538462
"777",1336,"Far from You",85.8461538461538,85,88.3076923076923
"778",1337,"Safe",87.9230769230769,90.1538461538462,91.9230769230769
"779",1341,"Final Takedown",22.9230769230769,26.3846153846154,16
"780",1343,"Nelson Beats The Odds",0,14.3846153846154,7.69230769230769
"781",1345,"History Is All You Left Me",54.2307692307692,49,35.2307692307692
"782",1346,"History Is All You Left Me",49,56.8461538461538,54.2307692307692
"783",1350,"More Happy Than Not",77.7692307692308,59.6923076923077,71.3846153846154
"784",1351,"More Happy Than Not",71.3846153846154,77.7692307692308,68.2307692307692
"785",1352,"More Happy Than Not",71.3846153846154,77.7692307692308,68.2307692307692
"786",1353,"More Happy Than Not",77.7692307692308,59.6923076923077,71.3846153846154
"787",1354,"They Both Die at the End",68.5384615384615,77.3076923076923,50.9230769230769
"788",1355,"They Both Die at the End",64.2307692307692,78.3846153846154,57.0769230769231
"789",1356,"Jack (Not Jackie)",30.5384615384615,37.7692307692308,33.6153846153846
"790",1360,"Marriage of a Thousand Lies",11.1538461538462,21.2307692307692,15.0769230769231
"791",1369,"Deposing Nathan",7.46153846153846,7.46153846153846,15.3076923076923
"792",1370,"Something Like Gravity",44.8461538461538,34.3846153846154,47.9230769230769
"793",1371,"The Last to Let Go",75.5384615384615,79.4615384615385,65.1538461538462
"794",1372,"The Last to Let Go",79.4615384615385,59.5384615384615,75.5384615384615
"795",1373,"The Way I Used to Be",79.7692307692308,65.2307692307692,77.0769230769231
"796",1377,"Stick",89.4615384615385,84.2307692307692,86
"797",1378,"Chicken Girl",91.5384615384615,77.9230769230769,78.1538461538462
"798",1381,"Not My Problem",80,77.3846153846154,72.5384615384615
"799",1382,"How We Fight White Supremacy",7.07692307692308,6.76923076923077,7.69230769230769
"800",1387,"One of Those Hideous Books Where the Mother Dies",14.6153846153846,14.6153846153846,6.92307692307692
"801",1388,"One of Those Hideous Books Where the Mother Dies",7.92307692307692,11.4615384615385,7.92307692307692
"802",1389,"The Opposite of Innocent",37.0769230769231,43.1538461538462,38.0769230769231
"803",1390,"The Opposite of Innocent",37.0769230769231,43.1538461538462,38.0769230769231
"804",1392,"We Are Grateful: Otsaliheliga",7.61538461538461,6.92307692307692,22.6153846153846
"805",1393,"Too Many Tamales",13.7692307692308,8.84615384615385,39.1538461538462
"806",1396,"Beast",78.3076923076923,74.6923076923077,83.6153846153846
"807",1399,"Freak Show",70.6923076923077,85.3846153846154,54.2307692307692
"808",1401,"The Gravity of Us",75.8461538461538,70.9230769230769,60.3076923076923
"809",1402,"The Gravity of Us",70.9230769230769,59.9230769230769,75.8461538461538
"810",1406,"Of Mice and Men",75.5384615384615,55.3076923076923,71.9230769230769
"811",1407,"Of Mice and Men",75.5384615384615,55.3076923076923,71.9230769230769
"812",1408,"Of Mice and Men",75.5384615384615,55.3076923076923,71.9230769230769
"813",1413,"Big Guy",88.1538461538462,87.6923076923077,90.3846153846154
"814",1414,"En el bosque",74.1538461538462,76.6153846153846,68.4615384615385
"815",1416,"Under Threat",66.4615384615385,57.3076923076923,68.2307692307692
"816",1420,"Dear Martin",44,38.8461538461538,54.4615384615385
"817",1421,"Dear Martin",44,38.8461538461538,54.4615384615385
"818",1422,"Dear Martin",54.4615384615385,44,48.8461538461538
"819",1423,"Dear Martin",54.4615384615385,44,48.8461538461538
"820",1424,"Odd One Out",65.3076923076923,80.3076923076923,67
"821",1425,"Odd One Out",65.3076923076923,80.3076923076923,67
"822",1426,"A Bad Boy Can Be Good for a Girl",26.1538461538462,33.0769230769231,24.0769230769231
"823",1428,"The Confessions of Nat Turner",45.4615384615385,16.9230769230769,34.6923076923077
"824",1429,"It's Not Like It's a Secret",52.3076923076923,32.4615384615385,60.2307692307692
"825",1433,"They Called Us Enemy",49.3846153846154,49.7692307692308,56
"826",1434,"As I Descended",49.3076923076923,49.6153846153846,35.8461538461538
"827",1435,"As I Descended",44.6923076923077,49.9230769230769,44.3846153846154
"828",1436,"The Love Curse of Melody McIntyre",22.3076923076923,32.8461538461538,11.4615384615385
"829",1437,"Laura Dean Keeps Breaking Up with Me",37,50.3076923076923,42.4615384615385
"830",1438,"This One Summer",77.3076923076923,77.5384615384615,78.2307692307692
"831",1439,"This One Summer",78.3076923076923,63.6153846153846,77.9230769230769
"832",1440,"This One Summer",77.3076923076923,77.5384615384615,78.2307692307692
"833",1441,"This One Summer",78.3076923076923,63.6153846153846,77.9230769230769
"834",1442,"This One Summer",78.3076923076923,63.6153846153846,77.9230769230769
"835",1443,"This One Summer",77.3076923076923,77.5384615384615,78.2307692307692
"836",1444,"This One Summer",78.3076923076923,63.6153846153846,77.9230769230769
"837",1448,"I Love My Hair",35.4615384615385,37.8461538461538,42.3076923076923
"838",1450,"Why Are All the Black Kids Sitting Together in the Cafeteria?: And Other Conversations About Race",7.69230769230769,0,7.61538461538461
"839",1451,"Drama: A Graphic Novel",27,11.9230769230769,27.6153846153846
"840",1452,"Drama: A Graphic Novel",27.6153846153846,27,19.4615384615385
"841",1453,"Drama: A Graphic Novel",27.6153846153846,27,19.4615384615385
"842",1454,"Drama: A Graphic Novel",27.6153846153846,27,19.4615384615385
"843",1455,"Drama: A Graphic Novel",27,11.9230769230769,27.6153846153846
"844",1459,"From the Stars in the Sky to the Fish in the Sea",22.6153846153846,14.2307692307692,4.15384615384615
"845",1460,"Cemetery Boys",57.1538461538462,65.4615384615385,47.3076923076923
"846",1461,"Cemetery Boys",57.8461538461538,69.7692307692308,48.1538461538462
"847",1462,"Cemetery Boys",57.1538461538462,65.4615384615385,47.3076923076923
"848",1463,"On the Come Up",67.9230769230769,74.3846153846154,87.5384615384615
"849",1464,"On the Come Up",87.5384615384615,67.9230769230769,85.4615384615385
"850",1465,"The Hate U Give",67.6153846153846,70.8461538461538,82.1538461538462
"851",1466,"The Hate U Give",67.6153846153846,70.8461538461538,82.1538461538462
"852",1467,"The Hate U Give",67.6153846153846,70.8461538461538,82.1538461538462
"853",1468,"The Hate U Give",67.6153846153846,70.8461538461538,82.1538461538462
"854",1469,"The Hate U Give",82.1538461538462,67.6153846153846,56.7692307692308
"855",1470,"The Hate U Give",67.6153846153846,70.8461538461538,82.1538461538462
"856",1471,"The Hate U Give",72,77.8461538461538,68.6153846153846
"857",1472,"The Hate U Give",67.6153846153846,70.8461538461538,82.1538461538462
"858",1473,"The Hate U Give",67.6153846153846,70.8461538461538,82.1538461538462
"859",1476,"Your Name Is a Song",65,74.9230769230769,74.3846153846154
"860",1477,"Blankets",77.6923076923077,49.2307692307692,52.3846153846154
"861",1480,"Remake (Remake Series)",82.3076923076923,85.3076923076923,75.6153846153846
"862",1485,"Fan Art",86.0769230769231,95.0769230769231,83.9230769230769
"863",1486,"7 Days at the Hot Corner",0,7.46153846153846,7.69230769230769
"864",1487,"7 Days at the Hot Corner",7.69230769230769,7.53846153846154,0
"865",1488,"As Fast as Words Could Fly",15.0769230769231,25.8461538461538,24.3076923076923
"866",1489,"The Skin You Live In",45.3846153846154,55.1538461538462,52.6923076923077
"867",1490,"Who I Was with Her",84,63.1538461538462,80.9230769230769
"868",1493,"Hello Now",89.4615384615385,89.7692307692308,81.5384615384615
"869",1495,"Peanut Goes for the Gold",22.5384615384615,28.0769230769231,7.61538461538461
"870",1498,"Y: The Last Man",18.9230769230769,24.6153846153846,4.15384615384615
"871",1499,"Kiss Number 8",19.6153846153846,37.6923076923077,18.0769230769231
"872",1502,"And She Was",88.7692307692308,67.3846153846154,89.0769230769231
"873",1503,"Follow Your Arrow",64.4615384615385,67.4615384615385,47.3076923076923
"874",1504,"The Grief Keeper",22.6153846153846,2.38461538461538,22.9230769230769
"875",1505,"Black and White",89.2307692307692,95.0769230769231,82
"876",1506,"Crossing Lines",76.0769230769231,58.3076923076923,84.1538461538462
"877",1511,"Spinning",92.3076923076923,93.7692307692308,91.6923076923077
"878",1512,"Spinning",92.3076923076923,93.7692307692308,91.6923076923077
"879",1515,"The Color Purple",38.2307692307692,34.8461538461538,49.3846153846154
"880",1516,"Dishes",70.3846153846154,79.3076923076923,62.3076923076923
"881",1517,"Ada Byron Lovelace and the Thinking Machine",22,6.76923076923077,22.4615384615385
"882",1519,"The Glass Castle",65.8461538461538,64.5384615384615,69.6923076923077
"883",1520,"The Glass Castle",69.6923076923077,65.8461538461538,55.6153846153846
"884",1521,"Empty",82.6923076923077,86.3076923076923,86.4615384615385
"885",1524,"Freedom in Congo Square",4,23.0769230769231,8.53846153846154
"886",1526,"Suicide Notes From Beautiful Girls",38.0769230769231,37.2307692307692,28.6153846153846
"887",1528,"Whistle Me Home",32,20.4615384615385,16.8461538461538
"888",1529,"Whistle Me Home",20.4615384615385,25,32
"889",1530,"Saving Ruby King",10.2307692307692,20.1538461538462,0
"890",1531,"Afterworlds",12.6153846153846,29.4615384615385,12.3846153846154
"891",1532,"Afterworlds",37.0769230769231,28.3846153846154,16.0769230769231
"892",1534,"Highly Illogical Behavior",15.4615384615385,40.2307692307692,13.3846153846154
"893",1535,"A Certain Slant of Light",37.0769230769231,34.2307692307692,37.7692307692308
"894",1536,"The Dark Descent of Elizabeth Frankenstein",25.0769230769231,24.1538461538462,17.6923076923077
"895",1539,"Night",93.5384615384615,85.9230769230769,81.0769230769231
"896",1540,"Playing a Part",81.2307692307692,78.5384615384615,62.5384615384615
"897",1541,"Caste: The Origins of Our Discontents",36.0769230769231,52.4615384615385,54.6153846153846
"898",1542,"Pink",92.6153846153846,88.3846153846154,93.0769230769231
"899",1543,"Because",79.8461538461538,83.4615384615385,90.4615384615385
"900",1544,"The Art of Being Normal",46.3846153846154,36.7692307692308,48.3076923076923
"901",1545,"Fences",71,78.4615384615385,81.6153846153846
"902",1548,"We Now Return to Regular Life",35.8461538461538,27.3846153846154,0
"903",1549,"What They Always Tell Us",53.3076923076923,62.7692307692308,51.5384615384615
"904",1550,"What They Always Tell Us",62.7692307692308,35.6153846153846,53.3076923076923
"905",1553,"Parrotfish",23.4615384615385,30.2307692307692,25.4615384615385
"906",1557,"Identifying as Transgender",20,23.3846153846154,23.7692307692308
"907",1558,"Before the Ever After",64.3076923076923,73.2307692307692,80.1538461538462
"908",1559,"Brown Girl Dreaming",58.8461538461538,56.8461538461538,54.5384615384615
"909",1560,"Each Kindness",50.9230769230769,54.7692307692308,75.1538461538462
"910",1562,"Red at the Bone",55.3846153846154,42.7692307692308,48.6153846153846
"911",1563,"Red at the Bone",55.3846153846154,42.7692307692308,48.6153846153846
"912",1564,"The Day You Begin",67,57.3076923076923,67.3076923076923
"913",1565,"The Dear One",66.6923076923077,54.6923076923077,68.4615384615385
"914",1566,"The House You Pass on the Way",28.0769230769231,16.6153846153846,30.5384615384615
"915",1567,"The Other Side",79.9230769230769,89.2307692307692,86.7692307692308
"916",1568,"Understanding Sexuality",52.3846153846154,58.7692307692308,35.7692307692308
"917",1571,"Putting Makeup on the Fat Boy",34,3.61538461538462,15.5384615384615
"918",1572,"Always my Dad",50,55.3076923076923,56.3846153846154
"919",1574,"Front Desk (Front Desk Series)",16.3846153846154,28.1538461538462,29.6153846153846
"920",1575,"Front Desk (Front Desk Series)",36.6923076923077,20.2307692307692,38.6923076923077
"921",1576,"Parachutes",83.1538461538462,84.0769230769231,78
"922",1577,"Dragonwings",24.6923076923077,11.1538461538462,18.6153846153846
"923",1578,"Encounter",65.3846153846154,61.6153846153846,70.4615384615385
"924",1581,"Malala's Magic Pencil",11.3076923076923,12.9230769230769,11.0769230769231
"925",1584,"American Street",82.3846153846154,80.6153846153846,76.9230769230769
